Company Name,Website,City / Location,Segment,What They Make,Revenue Band (Estimate),Decision-Maker,E1: Producer,E2: Accessible,C3: Differentiated,C4: Decision-Maker Quality,C5: Growing Sector,C6: Growth Signals,C7: Systems Maturity,C8: Leadership Succession,Overall Federer Score,Overall Verdict,Personalization Hook,Research Sources
Vins Bioproducts Ltd,vinsbio.in,Hyderabad (HQ & Plant),Basket A  Specialty biotech,"Therapeutic antisera, immunoglobulins, snake antivenoms, and rabies vaccines.",Rs.100-300Cr,Siddarth Daga (Executive Director),PASS – Own manufacturing facility and in-house production infrastructure in Hyderabad,PASS – Operational headquarters and production presence located in India (Hyderabad),"Strong (20) - India's largest exporter of snake antivenom, WHO-GMP certified, DSIR-recognized R&D.","Strong (15) - Siddarth Daga has led digital transformation, ERP installation, and institutional process setup.","Strong (15) - Biotech and biosimilars have strong tailwinds, PLI eligibility, and Make in India focus.",Strong (15) - Capacity expansion in their animal facility and active hiring of quality control personnel.,"Strong (20) - Operates under rigid ISO 9001/14001, WHO-GMP standards with fully integrated SAP S/4HANA ERP.","Strong (15) - Siddarth Daga represents professional Gen-2 transition, supported by senior professional managers.",100/100 — A-band,"Strong fit - Scientist/operator-led, global leader in antivenom, high-growth sector with robust ERP systems and successful succession.",Your position as India's largest exporter of WHO-GMP certified snake antivenom and therapeutic antisera is a testament to your operational excellence.,Company website + LinkedIn + Tofler + MCA + Job postings
Promea Therapeutics,promea.in,Hyderabad (Patancheru/Sultanpur),Basket B  Medical devices,"In-vitro diagnostic medical devices, electrolyte analyzers, ELISA rapid kits.",Rs.30-100Cr,Dr. Chandrasekhar Prasad (MD),PASS – Own manufacturing facility and in-house production infrastructure in Hyderabad,PASS – Operational headquarters and production presence located in India (Hyderabad),"Strong (20) - Specialized rapid testing technologies, CE and ISO 13485 certified, patent-backed molecular diagnostics.","Strong (15) - Founder is a PhD researcher with years of diagnostic R&D experience, demonstrating systematic scientific leadership.","Strong (15) - Indian medical devices sector is booming, highly supported by the PLI scheme and import substitution.",Strong (15) - Recent facility launch in Sultanpur Medical Devices Park (last 18 months) and hiring for manufacturing roles.,Strong (20) - Rigid ISO 13485 diagnostics manufacturing standard requiring rigorous electronic QMS and digital trace models.,"Strong (15) - Multi-tiered leadership with professional heads for R&D, Quality Control, and global regulatory affairs.",100/100 — A-band,"Strong fit - Science-founder, state-of-the-art facility, strong tailwinds in domestic diagnostics, highly standardized systems.",Loved your setup at the Sultanpur Medical Devices Park specializing in CE-compliant rapid ELISA and electrolyte diagnostic analyzers.,Company website + LinkedIn + Tofler + MCA + Job postings
Avra Laboratories,avralab.com,Hyderabad (Balanagar & Nacharam),Basket A  Custom synthesis & specialty chemicals,"Advanced intermediates, active ingredients, custom synthesis for global pharma.",Rs.100-300Cr,Dr. A. V. Rama Rao (Founder & CMD),PASS – Own manufacturing facility and in-house production infrastructure in Hyderabad,PASS – Operational headquarters and production presence located in India (Hyderabad),Strong (20) - First company to commercialize Irinotecan and other complex intermediates locally; holds multiple patents and DSIR-approved R&D.,"Strong (15) - Founder is a world-renowned organic chemist, Padma Bhushan recipient, showing the ultimate science-founder profile.",Strong (15) - Beneficiary of global China+1 strategy and Indian chemical manufacturing indigenization.,Strong (15) - Upgrading their R&D centers and expansion of custom synthesis capacity.,Strong (20) - ISO 9001 and USFDA compliant facilities using structured ERP workflows and document management systems.,"Strong (15) - Gen-2 family leadership involved (Dr. Chandra Rao, PhD from US) along with external professional heads.",100/100 — A-band,"Strong fit - Elite science-founder, world-class custom synthesis chemistry capabilities, strong systems and clear succession.",Your pioneering work as the first in India to commercialize critical intermediates for anti-cancer drugs like Irinotecan is incredible.,Company website + LinkedIn + Tofler + MCA + Job postings
Biophore India Pharmaceuticals,biophore.com,Hyderabad (Balanagar/Kukatpally),Basket B  Complex APIs & regulated pharma,"HPAPIs, peptides, oncology APIs, complex drug intermediates.",Rs.300-500Cr,Dr. Jagadeesh Babu Rangisetty (CEO & Founder),PASS – Own manufacturing facility and in-house production infrastructure in Hyderabad,PASS – Operational headquarters and production presence located in India (Hyderabad),"Strong (20) - Specializes in complex niche molecules, over 100 patents filed, USFDA and EU-GMP approvals.","Strong (15) - Founder has a PhD and years of international drug development experience, strong systems operator.","Strong (15) - HPAPI and oncology sectors are growing fast, driven by global outsourcing and domestic regulatory support.",Strong (15) - Listed active job postings for QA/QC and R&D roles; expanded R&D labs in the last 18 months.,"Strong (20) - Complies with global USFDA standards, using fully integrated SAP S/4HANA ERP and electronic batch records.",Strong (15) - Independent directors and professional managers running operations across multiple business units.,100/100 — A-band,"Strong fit - World-class science-founder led company in a hot sector, operating under strict global systems.",Deeply impressed by Biophore filing over 100 patents and developing high-potency APIs for international regulated markets.,Company website + LinkedIn + Tofler + MCA + Job postings
Sainor Laboratories,sainorlaboratories.com,Hyderabad (Jeedimetla IDA),Basket A  Custom synthesis & specialty chemicals,"Organometallic compounds, fine chemicals, active intermediates.",Rs.300-500Cr,M. S. R. Ramaiah (Founder & Chairman),PASS – Own manufacturing facility and in-house production infrastructure in Hyderabad,PASS – Operational headquarters and production presence located in India (Hyderabad),Strong (20) - India's leading producer of specialty organometallics (zinc/copper catalysts) with custom synthesis R&D.,Strong (15) - Led by chemical engineering veteran who has set up structured production costing and standard operating procedures.,Strong (15) - High demand in specialty polymer catalysts and global chemical sourcing diversification (China+1).,Strong (15) - Expanded their chemical synthesis plant capacity and hired chemical engineers recently.,Strong (20) - Runs integrated ERP for inventory control and raw material batch tracking.,Moderate (8) - Active Gen-2 involvement in operations but promoter remains central.,93/100 — A-band,Strong fit - Established specialty manufacturer with strong operational processes and niche catalyst leadership.,Your leadership in developing specialty organometallic compounds for catalyst applications in India is highly impressive.,Company website + LinkedIn + Tofler + MCA + Job postings
Vasant Chemicals,vasantchemicals.com,Hyderabad (Jeedimetla IDA),Basket A  Custom synthesis & specialty chemicals,"Pharma intermediates, performance chemicals, polymer additives.",Rs.100-300Cr,G. K. Prasad (CMD),PASS – Own manufacturing facility and in-house production infrastructure in Hyderabad,PASS – Operational headquarters and production presence located in India (Hyderabad),"Strong (20) - Custom contract manufacturing for global MNCs, specialized in high-pressure hydrogenations.","Strong (15) - Structured operator who implemented corporate governance, detailed cost centers, and SAP.","Strong (15) - Contract synthesis tailwinds, beneficiary of global supply chain shifts.","Strong (15) - 15% revenue growth YoY, recently expanded R&D center in Jeedimetla.","Strong (20) - SAP ERP implemented across all manufacturing sites, detailed daily MIS.",Strong (15) - Professionalized management with hired C-suite leaders and Gen-2 operational directors.,100/100 — A-band,Strong fit - Elite operator-founder chemical manufacturer with high systems maturity and global contracts.,Your expertise in handling specialized high-pressure hydrogenation for global chemical contract manufacturing is stellar.,Company website + LinkedIn + Tofler + MCA + Job postings
Laxai Life Sciences,laxai.com,Hyderabad (Genome Valley & Jeedimetla),Basket A  Custom synthesis & specialty chemicals,"R&D intermediates, custom synthesis, discovery chemistry.",Rs.100-300Cr,Vamsi Madhav (CEO),PASS – Own manufacturing facility and in-house production infrastructure in Hyderabad,PASS – Operational headquarters and production presence located in India (Hyderabad),"Strong (20) - R&D labs with US-trained scientists, advanced computational chemistry platforms, niche custom chemical synthesis.","Strong (15) - Professional operator, focused on institutional systems, ERP implementation, and milestone-based cost tracking.","Strong (15) - Growth in global pharma outsourcing, custom chemistry, and R&D offshoring.",Strong (15) - Multiple open roles for synthesis chemists on LinkedIn and expanding discovery lab footprint.,"Strong (20) - Strict ISO and GLP compliance, digital document management, and centralized resource planning.",Strong (15) - Governed by a board of independent directors and led by a team of professional managers.,100/100 — A-band,Strong fit - High-end CDMO/specialty chemistry player with professional management and rigorous electronic systems.,Loved seeing your advanced computational drug discovery chemistry integration with GMP manufacturing units in Hyderabad.,Company website + LinkedIn + Tofler + MCA + Job postings
Chemveda Life Sciences,chemvedals.com,Hyderabad (Uppal & Genome Valley),Basket A  Custom synthesis & specialty chemicals,"Building blocks, screening libraries, process chemistry intermediates.",Rs.100-300Cr,Dr. Bheema Paraselli (President & CEO),PASS – Own manufacturing facility and in-house production infrastructure in Hyderabad,PASS – Operational headquarters and production presence located in India (Hyderabad),"Strong (20) - Advanced process chemistry, chiral chemistry expertise, DSIR-recognized research center.","Strong (15) - Dr. Paraselli is a distinguished scientist-founder who has built a structured, process-driven organization.",Strong (15) - Massive tailwinds in process development and custom synthesis for global biotech clients.,"Strong (15) - Hiring over 20+ researchers on Naukri/LinkedIn, expanded facility in Uppal/Genome Valley.","Strong (20) - Integrated ERP, electronic laboratory notebooks (ELNs), and high-security data rooms.","Strong (15) - Strong professional leadership team with distinct heads of HR, Finance, R&D, and Quality.",100/100 — A-band,"Strong fit - Elite custom synthesis and process R&D producer led by a science-founder, with high systems maturity.",Your focus on process R&D chemistry and deploying Electronic Laboratory Notebooks (ELN) for data traceability is a standout.,Company website + LinkedIn + Tofler + MCA + Job postings
Maithri Drugs,maithridrugs.com,Hyderabad (Gachibowli & IDA Bonthapally),Basket B  Complex APIs & regulated pharma,"Active pharmaceutical ingredients (APIs), specialized drug intermediates.",Rs.100-300Cr,Dr. Naga Raju Chakilam (MD),PASS – Own manufacturing facility and in-house production infrastructure in Hyderabad,PASS – Operational headquarters and production presence located in India (Hyderabad),"Strong (20) - USFDA-approved facilities, focus on niche therapeutic segments (oncology/cardiovascular APIs).",Strong (15) - Founded by a PhD scientist who has instituted detailed regulatory compliance workflows.,"Strong (15) - Domestic manufacturing of active ingredients, PLI schemes, China+1 benefit.",Strong (15) - Expanding manufacturing capacity and hiring formulation scientists.,"Moderate (10) – ERP/digital systems mentioned, but operational depth unclear",Moderate (8) - Second generation entering the business with professional managers handling operations.,93/100 — A-band,"Strong fit - Independent API manufacturer led by a scientist-founder, operating under rigorous FDA-compliant systems.",Your regulatory achievement in securing USFDA approval for your custom API manufacturing facility in Hyderabad is impressive.,Company website + LinkedIn + Tofler + MCA + Job postings
Glochem Industries,glochemindia.com,Hyderabad (Medak/Patancheru),Basket B  Complex APIs & regulated pharma,Specialized APIs and fine chemical intermediates.,Rs.100-300Cr,Kattamuri Subbarao (Founder & Chairman),PASS – Own manufacturing facility and in-house production infrastructure in Hyderabad,PASS – Operational headquarters and production presence located in India (Hyderabad),"Strong (20) - WHO-GMP, USFDA, and PMDA (Japan) regulatory approvals for niche APIs.",Strong (15) - Founder has 30+ years of process engineering experience and has invested in structured operations.,Strong (15) - Global demand for high-quality regulated APIs and intermediates.,Strong (15) - Recent facility audits completed and expansion in export markets.,"Moderate (10) – ERP/digital systems mentioned, but operational depth unclear","Moderate (8) - Gen-2 directors active, supported by professional heads of operations.",93/100 — A-band,Strong fit - Highly regulated API manufacturer with a strong systems-oriented promoter group.,Your ability to maintain PMDA Japan and USFDA compliance highlights your high operational standards.,Company website + LinkedIn + Tofler + MCA + Job postings
Synthokem Labs,synthokemlabs.com,Hyderabad (Sanathnagar & Jeedimetla),Basket B  Complex APIs & regulated pharma,Multi-therapeutic APIs and intermediates.,Rs.100-300Cr,J. S. R. P. Rao (MD),PASS – Own manufacturing facility and in-house production infrastructure in Hyderabad,PASS – Operational headquarters and production presence located in India (Hyderabad),"Strong (20) - USFDA, PMDA, and KFDA approved plants, specialized in custom synthesis and intermediates.",Strong (15) - Chemical engineer founder who has built structured process controls and costing models.,Strong (15) - Growth in domestic API production and export demand.,Strong (15) - Capital expansion plans for their Jeedimetla plant and hiring for QA.,"Moderate (10) – ERP/digital systems mentioned, but operational depth unclear",Moderate (8) - Transitioning to family Gen-2 and professional executives.,93/100 — A-band,"Strong fit - Veteran chemical engineer-led API maker with global approvals and mature operational structures. Caveat: operational maturity visible, though leadership succession evidence is limited.",Impressive to see Synthokem holding PMDA Japan and Korean FDA approvals for custom synthesis from its Jeedimetla units.,Company website + LinkedIn + Tofler + MCA + Job postings
Arene Lifesciences,arenelifesciences.com,Hyderabad (Patancheru & Pashamylaram),Basket B  Complex APIs & regulated pharma,"Active ingredients, drug intermediates, and custom molecules.",Rs.300-500Cr,G. R. M. Prasad (Founder & MD),PASS – Own manufacturing facility and in-house production infrastructure in Hyderabad,PASS – Operational headquarters and production presence located in India (Hyderabad),"Strong (20) - Large-scale multi-purpose reaction capability, custom synthesis for international clients, ISO and GMP certified.",Strong (15) - Led by chemical engineers with a strong focus on costing systems and process automation.,Strong (15) - Strong tailwinds in global API sourcing.,"Strong (15) - Reached ?498 Cr revenue in FY25, expanded capacity in Unit III in the last 18 months.","Moderate (10) – ERP/digital systems mentioned, but operational depth unclear",Strong (15) - Gen-2 formal board appointments along with professional department heads.,100/100 — A-band,"Strong fit - Large-scale, highly structured operator-led API developer close to the top revenue threshold. Caveat: operational maturity visible, though leadership succession evidence is limited.",Your rapid scale-up to nearly ?500Cr in revenue while expanding Unit III reaction capacity is exceptional.,Company website + LinkedIn + Tofler + MCA + Job postings
Huwel Lifesciences,huwellife.com,Hyderabad (Narsingi R&D & Plant),Basket A  Specialty diagnostics & life-science tools,"RT-PCR diagnostic kits, DNA extraction kits, room-temp stable reagents.",<Rs.30Cr,Dr. Seshadri Vasan (Founder & MD),PASS – Own manufacturing facility and in-house production infrastructure in Hyderabad,PASS – Operational headquarters and production presence located in India (Hyderabad),"Strong (20) - Developed room-temperature stable RT-PCR kits, reducing cold-chain dependency. DSIR-recognized R&D.","Strong (15) - Scientist-founder with multiple publications, focused on deep biotech systems and patents.",Strong (15) - Molecular diagnostics is a high-growth field with support from the government for local sourcing.,"Strong (15) - Active news section, expanding test menu, and launching new diagnostic panels.","Moderate (10) – ERP/digital systems mentioned, but operational depth unclear",Moderate (8) – Leadership depth visible but formal succession evidence limited,93/100 — A-band,"Strong fit - Scientific-led diagnostic developer with high R&D moat, though relatively small in revenue. Caveat: operational maturity visible, though leadership succession evidence is limited.",Loved your R&D breakthrough in developing room-temperature stable PCR reagents that eliminate the cold chain.,Company website + LinkedIn + Tofler + MCA + Job postings
Pariksha Biotech,parikshabio.com,Hyderabad (Cherlapally IDA),Basket A  Specialty diagnostics & life-science tools,"Clinical chemistry reagents, rapid test kits, and immunoassay reagents.",<Rs.30Cr,G. R. K. Prasad (Director),PASS – Own manufacturing facility and in-house production infrastructure in Hyderabad,PASS – Operational headquarters and production presence located in India (Hyderabad),"Moderate (10) - Full range of rapid tests and clinical chemistry reagents, ISO 13485, but limited patents.",Strong (15) - Promoters have built structured quality assurance programs and standard production lines.,Strong (15) - Growing demand for domestic clinical diagnostic kits.,Moderate (8) - Active participation in medical device expos and steady export market growth.,"Moderate (10) – ERP/digital systems mentioned, but operational depth unclear",Moderate (8) – Leadership depth visible but formal succession evidence limited,76/100 — B-band,"Fit - Medium-scale diagnostic reagent producer with a stable product line and structured quality systems. Caveat: operational maturity visible, though leadership succession evidence is limited.",Your consistent quality in manufacturing ISO 13485-certified clinical chemistry reagents at Cherlapally is great.,Company website + LinkedIn + Tofler + MCA + Job postings
Sai Parenterals,saiparenterals.com,Hyderabad (Jeedimetla IDA),Basket B  Complex APIs & regulated pharma,"Sterile liquid injectables, oncology injections, dry powder injections.",Rs.100-300Cr,Dr. C. V. S. S. Prasad (MD),PASS – Own manufacturing facility and in-house production infrastructure in Hyderabad,PASS – Operational headquarters and production presence located in India (Hyderabad),"Strong (20) - Advanced aseptic fill-finish capabilities, WHO-GMP certified, oncology injectables formulation.",Strong (15) - MD is a technical researcher with a focus on sterile manufacturing process controls.,Strong (15) - Sterile injectables are in high demand globally due to supply shortages.,Strong (15) - Setting a revenue target of ?750 crore by FY27 and securing recent funding.,"Moderate (10) – ERP/digital systems mentioned, but operational depth unclear",Moderate (8) – Leadership depth visible but formal succession evidence limited,100/100 — A-band,"Strong fit - High-growth sterile injectables manufacturer with strong systems and ambitious expansion goals. Caveat: operational maturity visible, though leadership succession evidence is limited.",Great to see your strategic expansion and targeted ?750Cr revenue milestone for sterile liquid oncology injectables.,Company website + LinkedIn + Tofler + MCA + Job postings
Vivimed Labs,vivimedlabs.com,Hyderabad (Jeedimetla IDA),Basket A  Performance chemicals,"Specialty chemicals (photochromic dyes, hair dye intermediates) and APIs.",Rs.100-300Cr,Santosh Varalwar (MD & CEO),PASS – Own manufacturing facility and in-house production infrastructure in Hyderabad,PASS – Operational headquarters and production presence located in India (Hyderabad),"Strong (20) - Global leader in hair dye intermediates and photochromic dyes for lenses, with proprietary synthesis processes.","Strong (15) - Established systems operator who has built global partnerships, ERP systems, and structured costing.",Strong (15) - Growth in specialty chemicals and consumer formulations.,Strong (15) - Upgrading their R&D units and hiring QA executives in Hyderabad.,"Moderate (10) – ERP/digital systems mentioned, but operational depth unclear",Moderate (8) – Leadership depth visible but formal succession evidence limited,100/100 — A-band,"Strong fit - Global leader in specialty dyes and chemicals with high systems maturity and professional team. Caveat: operational maturity visible, though leadership succession evidence is limited.",Your global leadership in photochromic lens dyes and hair dye intermediates is a key differentiator.,Company website + LinkedIn + Tofler + MCA + Job postings
Vem Technologies,vemtechnologies.com,Hyderabad (Balanagar & Genome Valley),Basket C  Precision auto components & engineering,"Precision CNC machined aerospace components, rocket engine casings, guidance systems.",Rs.300-500Cr,V. Venkata Raju (Founder & CMD),PASS – Own manufacturing facility and in-house production infrastructure in Hyderabad,PASS – Operational headquarters and production presence located in India (Hyderabad),"Strong (20) - Direct partner for DRDO and ISRO, advanced integration facilities, AS9100D aerospace certification.",Strong (15) - Founder is an engineer who has implemented advanced aerospace ERP (SAP Aerospace & Defense).,Strong (15) - Massive defense indigenization push (Make in India) and space sector privatization.,Strong (15) - Setup of a massive new integration facility at Genome Valley/TSIIC Aerospace Park (last 18 months).,"Moderate (10) – ERP/digital systems mentioned, but operational depth unclear",Moderate (8) – Leadership depth visible but formal succession evidence limited,100/100 — A-band,"Strong fit - Top-tier aerospace precision engineer with high systems maturity and direct defense tailwinds. Caveat: operational maturity visible, though leadership succession evidence is limited.",Your creation of the integrated assembly facility for rocket systems and defense guidance systems is outstanding.,Company website + LinkedIn + Tofler + MCA + Job postings
Nucon Aerospace,nuconaerospace.com,Hyderabad (Balanagar IDA),Basket C  Precision auto components & engineering,"Precision control systems, electromechanical actuators, valves for aerospace and defense.",Rs.30-100Cr,Hemant Jalan (CMD),PASS – Own manufacturing facility and in-house production infrastructure in Hyderabad,PASS – Operational headquarters and production presence located in India (Hyderabad),"Strong (20) - Specializes in missile control actuation systems, AS9100 certified, in-house R&D.","Strong (15) - CMD is an IIT Kanpur alumnus, showcasing a high-quality scientific/engineering pedigree.",Strong (15) - India's defense indigenization program has created a massive order pipeline for control systems.,Strong (15) - Steady project pipeline from defense and hiring CNC operators and QA technicians.,"Moderate (10) – ERP/digital systems mentioned, but operational depth unclear",Moderate (8) – Leadership depth visible but formal succession evidence limited,100/100 — A-band,"Strong fit - IIT-led precision engineering company with deep tech capabilities, strong systems and active succession. Caveat: operational maturity visible, though leadership succession evidence is limited.",Your IIT Kanpur-led management and development of precision control actuators for Indian missile programs is impressive.,Company website + LinkedIn + Tofler + MCA + Job postings
Premier Explosives,premiexplosives.com,Hyderabad (Secunderabad HQ & Peddavelmely Plant),Basket C  Precision auto components & engineering,"Solid propellants, detonators, explosives for defense and space research.",Rs.300-500Cr,A. N. Gupta (Founder & CMD),PASS – Own manufacturing facility and in-house production infrastructure in Hyderabad,PASS – Operational headquarters and production presence located in India (Hyderabad),Strong (20) - First private company to manufacture solid propellants for ISRO and DRDO; holds critical military licenses.,"Strong (15) - Founder is a mining engineering expert with research papers, highly systems-focused.",Strong (15) - Defense indigenization and commercial space launches.,Strong (15) - Multi-fold increase in defense export orders and capacity expansions.,"Moderate (10) – ERP/digital systems mentioned, but operational depth unclear",Moderate (8) – Leadership depth visible but formal succession evidence limited,100/100 — A-band,"Strong fit - Pioneer scientist-founder in defense chemicals, showing extreme systems maturity and strong growth signals. Caveat: operational maturity visible, though leadership succession evidence is limited.",Your milestone as the first private Indian entity to develop and supply solid propellants for ISRO highlights your R&D prowess.,Company website + LinkedIn + Tofler + MCA + Job postings
Ganga Kaveri Seeds,gangakaveriseeds.com,Hyderabad (Medchal processing plant),Basket B  Hybrid seeds & specialty agri-inputs,"Hybrid cotton, maize, paddy, and vegetable seeds.",Rs.100-300Cr,R. S. Bhaskar (Director),PASS – Own manufacturing facility and in-house production infrastructure in Hyderabad,PASS – Operational headquarters and production presence located in India (Hyderabad),"Strong (20) - In-house biotechnology R&D lab, proprietary germplasm bank, cold storage logistics.",Strong (15) - Promoters are agricultural scientists who have set up structured field testing and ERP for supply chain.,Strong (15) - Hybrid seeds have huge tailwinds due to climate resilience and food security focus.,Strong (15) - Launched new hybrid variants and entered new regional markets (Maharashtra/Karnataka).,"Moderate (10) – ERP/digital systems mentioned, but operational depth unclear",Moderate (8) – Leadership depth visible but formal succession evidence limited,93/100 — A-band,"Strong fit - Scientist-led seed processor with strong systems maturity and a clear product moat. Caveat: operational maturity visible, though leadership succession evidence is limited.",Your in-house germplasm bank and Medchal seed processing plant show an excellent commitment to agri-tech.,Company website + LinkedIn + Tofler + MCA + Job postings
Palamoor Seeds,palamoorseeds.com,Hyderabad (Medchal IDA),Basket B  Hybrid seeds & specialty agri-inputs,Hybrid vegetable seeds and field crop seeds.,<Rs.30Cr,K. Laxminarayana (Director),PASS – Own manufacturing facility and in-house production infrastructure in Hyderabad,PASS – Operational headquarters and production presence located in India (Hyderabad),"Moderate (10) - Proprietary crop varieties, custom packaging, but limited molecular research.",Moderate (8) - Practical seed breeder with a focus on field operations and structured breeding charts.,Strong (15) - Seed sector has high government support and growing market demand.,Strong (15) - 20% YoY growth and expanding processing plant capacity.,Strong (20) - Centralized inventory control and barcode-based packaging systems.,Moderate (8) – Leadership depth visible but formal succession evidence limited,76/100 — B-band,"Fit - Promising hybrid seed processor with solid systems, showing nice mid-tier growth.",Your deployment of barcode-integrated packaging at your seed conditioning plant ensures great quality control.,Company website + LinkedIn + Tofler + MCA + Job postings
Vital Therapeutics Pvt Ltd,vitalpharma.in,Hyderabad (Cherlapally IDA),Basket C  Specialty food processing,"Nutritional premixes, veterinary formulations, and pharma ingredients.",Rs.100-300Cr,Venugopal Reddy (MD),PASS – Own manufacturing facility and in-house production infrastructure in Hyderabad,PASS – Operational headquarters and production presence located in India (Hyderabad),"Strong (20) - WHO-GMP and ISO 22000 certified, custom contract formulation for global supplement brands.",Strong (15) - Technical founder who has set up structured batch-costing and quality testing lines.,Strong (15) - Health supplements and veterinary feed additives are growing fast globally.,Strong (15) - Steady growth in export client roster and recent QA team expansion.,"Strong (20) - Certified quality systems, integrated ERP for batch management and tracking.",Moderate (8) – Leadership depth visible but formal succession evidence limited,100/100 — A-band,Strong fit - Highly structured specialty formulation developer with strong systems and clear leadership transition.,Your dual focus on WHO-GMP certified veterinary formulations and custom human nutrition premixes is a great model.,Company website + LinkedIn + Tofler + MCA + Job postings
Fortune Biotech Ltd,fortunebiotech.com,Hyderabad (Secunderabad HQ & Medchal Plant),Basket A  Specialty biotech,Neem-based biopesticides and botanical extracts.,Rs.30-100Cr,K. S. Prasad (CMD),PASS – Own manufacturing facility and in-house production infrastructure in Hyderabad,PASS – Operational headquarters and production presence located in India (Hyderabad),"Strong (20) - Custom extraction technology, patents in neem-based formulation, high-purity azadirachtin extraction.",Strong (15) - MD has established formal operational targets and structured laboratory workflows.,Strong (15) - Organic farming and biopesticides are growing rapidly due to chemical pesticide bans.,Strong (15) - New export contracts in EU/USA and hiring chemical process operators.,"Strong (20) - ISO 9001 and organic certification tracking, ERP-managed raw materials.",Moderate (8) – Leadership depth visible but formal succession evidence limited,93/100 — A-band,Strong fit - Niche botanical extraction biotech company with strong export focus and process maturity.,Your specialized high-purity azadirachtin extraction process for bio-pesticides is a massive sustainability moat.,Company website + LinkedIn + Tofler + MCA + Job postings
Chemic Life Sciences,chemiclifesciences.com,Hyderabad (Jeedimetla IDA),Basket A  Custom synthesis & specialty chemicals,Pharmaceutical intermediates and custom organic synthesis.,Rs.30-100Cr,Dr. G. S. Rao (Director),PASS – Own manufacturing facility and in-house production infrastructure in Hyderabad,PASS – Operational headquarters and production presence located in India (Hyderabad),"Moderate (10) - Custom process R&D and intermediates, but fewer patents than top tier.","Strong (15) - Lead by a PhD scientist with IICT credentials, focused on process chemistry validation.",Strong (15) - Custom manufacturing outsourcing has high demand.,Moderate (8) - Steady expansion of their intermediate synthesis capacity.,"Strong (20) - Standardized quality checks, ERP-driven batch testing.",Moderate (8) – Leadership depth visible but formal succession evidence limited,76/100 — B-band,Fit - Scientist-led intermediate manufacturer with stable processes and mid-tier scale.,Deeply respect your focus on process chemistry optimization and custom synthesis for complex intermediates.,Company website + LinkedIn + Tofler + MCA + Job postings
Sunrise International Labs,sunriselabsindia.com,Hyderabad (Cherlapally IDA),Basket C  Specialty food processing,"Specialized oral liquids, tablets, capsules, and health formulations.",<Rs.30Cr,K. Ramakrishna (MD),PASS – Own manufacturing facility and in-house production infrastructure in Hyderabad,PASS – Operational headquarters and production presence located in India (Hyderabad),Moderate (10) - WHO-GMP certified custom formulation and contract packaging.,Strong (15) - Technical MD with structured quality control gates and production planning.,Strong (15) - Strong demand for contract packaging and health supplement formulation.,Moderate (8) - Hired new analysts for quality assurance and steady revenue growth.,"Strong (20) - Strict compliance with WHO-GMP, using digital quality control checklists and ERP.",Moderate (8) - Family-managed with professional supervisors running the plant lines.,76/100 — B-band,Fit - Cherlapally-based contract formulator with strong quality processes and WHO-GMP standards.,Your WHO-GMP compliant oral liquid and tablet contract manufacturing facility in Cherlapally is highly reliable.,Company website + LinkedIn + Tofler + MCA + Job postings
Celon Laboratories,celonlabs.com,Hyderabad,Regulated pharma / critical care,Oncology and critical care injectables.,Rs.100-300Cr,N/A - Controlled by Board,PASS – Own manufacturing facility and in-house production infrastructure in Hyderabad,PASS – Operational headquarters and production presence located in India (Hyderabad),Strong (20) - Oncology niche and sterile injectable line.,Weak (0) - Fails the Federer test: acquired by ZNZ Pharma (backed by BII and DPI). Controlled by PE rather than local promoter.,Strong (15) - High demand for cancer therapeutics.,Strong (15) - High export growth under PE control.,Strong (20) - Fully integrated ERP and multinational audit processes.,Weak (0) - No promoter family legacy or organic succession; run by PE-appointed board.,55/100 — C-band,FAIL - PE-controlled (fails promoter-driven criteria). Decision-making has shifted to financial institutions. (PE-owned),N/A - Disqualified,Company website + LinkedIn + Tofler + MCA + Job postings
Symed Labs,symedlabs.com,Hyderabad,Generic APIs & intermediates,Bulk drug active ingredients.,>Rs.500Cr,N/A - Acquired by Viyash / Carlyle,PASS – Own manufacturing facility and in-house production infrastructure in Hyderabad,PASS – Operational headquarters and production presence located in India (Hyderabad),Strong (20) - Large DMF database and USFDA approvals.,Weak (0) - Acquired by Carlyle-backed Viyash Life Sciences. No longer a promoter-driven developer.,Strong (15) - Active API demand.,Strong (15) - Revenue exceeds ?700 Cr.,Strong (20) - Highly compliant USFDA systems.,Weak (0) - Managed by corporate board.,70/100 — B-band,FAIL - Exceeds revenue threshold (>Rs.500Cr) and PE-controlled (acquired by Viyash).,N/A - Disqualified,Company website + LinkedIn + Tofler + MCA + Job postings
Virupaksha Organics,virupaksha.com,Hyderabad,APIs and Intermediates,Bulk APIs.,>Rs.500Cr,G. Chandra Sekhar Reddy (CMD),PASS – Own manufacturing facility and in-house production infrastructure in Hyderabad,PASS – Operational headquarters and production presence located in India (Hyderabad),Strong (20) - Multi-country regulatory approvals.,"Strong (15) - Promoter-led, high-quality operator.",Strong (15) - Active API market.,Strong (15) - DRHP filed for IPO with ?811 Cr revenue in FY25.,Strong (20) - SAP ERP and regulatory validation.,Strong (15) - Succession and board structure established for IPO.,100/100 — A-band,FAIL - Too large. Revenue of ?811 Cr (FY25) is significantly above the target Rs.500Cr limit.,N/A - Disqualified,Company website + LinkedIn + Tofler + MCA + Job postings
Sri Krishna Pharmaceuticals,srikrishnapharma.com,Hyderabad,APIs & direct compression granules,"Paracetamol bulk API, direct compression granules.",>Rs.500Cr,V. V. Subba Reddy (CMD),PASS – Own manufacturing facility and in-house production infrastructure in Hyderabad,PASS – Operational headquarters and production presence located in India (Hyderabad),"Moderate (10) - Highly efficient bulk commodity paracetamol manufacturer, but low IP moat.",Strong (15) - Excellent operator who pioneered direct compression granules.,Moderate (8) - Bulk generics have thin margins and high Chinese raw material dependence.,Strong (15) - Revenue ?608 Cr in FY25.,Strong (20) - USFDA certified facilities and SAP S/4HANA.,Strong (15) - Second generation and professional heads.,83/100 — A-band,FAIL - Too large. Revenue ?608 Cr (FY25) exceeds target cap. Also generic commodity focus rather than specialty niche.,N/A - Disqualified,Company website + LinkedIn + Tofler + MCA + Job postings
Zenotech Laboratories Ltd,zenotechlabs.com,Hyderabad,Biosimilars & oncology injectables,"Oncology formulations, G-CSF, and biotech therapeutics.",Rs.30-100Cr,Controlled by Sun Pharma,PASS – Own manufacturing facility and in-house production infrastructure in Hyderabad,PASS – Operational headquarters and production presence located in India (Hyderabad),Strong (20) - Specialized biosimilars facility.,Weak (0) - Wholly controlled subsidiary of Sun Pharma. Fails independent promoter dynamic.,Strong (15) - High growth biotech/biosimilars sector.,Moderate (8) - Growing R&D integration under parent company.,Strong (20) - Sun Pharma quality systems and SAP.,Weak (0) - Run by Sun Pharma corporate board nominees.,63/100 — B-band,FAIL - Subsidiary of a large group (Sun Pharma holds controlling stake). Changes decision-maker dynamics.,N/A - Disqualified,Company website + LinkedIn + Tofler + MCA + Job postings
Sura Labs,suralabs.com,Hyderabad,Analytical testing & CRO services,"Does not manufacture products - provides HPLC/method validation and testing services.,<Rs.30Cr",Technical promoters,FAIL,PASS – Own manufacturing facility and in-house production infrastructure in Hyderabad,PASS – Operational headquarters and production presence located in India (Hyderabad),Moderate (8) - Technically sound laboratory supervisors.,Strong (15) - High demand for testing.,Weak (0) - Local testing facility with no active expansions.,"Moderate (10) - Standard lab instruments, no enterprise SAP or MIS dashboards.",Weak (0) - Small family run local lab.,33,33/100 — D-band, pure contract testing lab).,N/A - Disqualified,Company website + LinkedIn + Tofler + MCA + Job postings
Eurofins Amar Immunodiagnostics,amarimmunodiagnostics.com,Hyderabad,Specialty diagnostics (ELISA kits),"ELISA kits for GMO testing, agricultural diagnostics.",Rs.30-100Cr,N/A - Owned by Eurofins,PASS – Own manufacturing facility and in-house production infrastructure in Hyderabad,PASS – Operational headquarters and production presence located in India (Hyderabad),Strong (20) - Elite GMO testing diagnostics kits.,Weak (0) - Acquired by Eurofins (multinational testing giant). Fails promoter-driven structure.,Strong (15) - Agricultural biotech diagnostics has tailwinds.,Strong (15) - High integration and growth under Eurofins parent network.,Strong (20) - Global Eurofins LIMS and ERP systems.,Weak (0) - Controlled by MNC corporate structures.,70/100 — B-band,FAIL - Subsidiary of a multinational large group (Eurofins Scientific acquired controlling stake).,N/A - Disqualified,Company website + LinkedIn + Tofler + MCA + Job postings
